complaint_text,category
Our locality has an overflowing garbage bin,Garbage
Electricity is unavailable in the area,Electricity
Drain water is entering the road,Drainage
Waste has been dumped on the roadside,Garbage
There is a problem with the power line,Electricity
There are deep potholes in our village road,Road Damage
Our area needs immediate cleaning,Sanitation
Drain water is entering the road,Drainage
Waste has been dumped on the roadside,Garbage
Garbage has not been collected for several days,Garbage
A public facility needs attention,Other
Our locality has an overflowing garbage bin,Garbage
Vehicles are struggling because of damaged roads,Road Damage
Our locality has serious cleanliness problems,Sanitation
The street light needs repair,Street Light
The electric pole has a problem,Electricity
Household waste is not being collected,Garbage
A large pothole is causing accidents,Road Damage
A broken street light is causing safety problems,Street Light
There is no drinking water in our area,Water Supply
Cleaning workers are not visiting regularly,Sanitation
There is a large pothole on the main road,Road Damage
A broken street light is causing safety problems,Street Light
The garbage bin is overflowing,Garbage
There is garbage near the school,Garbage
Please investigate this local problem,Other
Our street is completely dark at night,Street Light
Sanitation is poor in our locality,Sanitation
There is a civic problem in our locality,Other
Vehicles are struggling because of damaged roads,Road Damage
Sanitation is poor in our locality,Sanitation
Several potholes are present on our street,Road Damage
Our locality has an overflowing garbage bin,Garbage
Street lights are not switching on,Street Light
The road has many cracks and potholes,Road Damage
There is an issue with the electricity supply,Electricity
There is a civic problem in our locality,Other
Drain water is entering the road,Drainage
There is very low water pressure,Water Supply
The electric pole has a problem,Electricity
Our locality needs immediate attention,Other
The light near the bus stop is broken,Street Light
A public service needs attention,Other
Cleaning workers are not visiting regularly,Sanitation
There is garbage near the school,Garbage
The public area is not being cleaned,Sanitation
Our locality is facing frequent power interruptions,Electricity
The public toilet is not maintained,Sanitation
Our locality has an overflowing garbage bin,Garbage
Electricity is unavailable in the area,Electricity
Our locality has serious cleanliness problems,Sanitation
The light near the bus stop is broken,Street Light
Our street is completely dark at night,Street Light
The village water connection is not working,Water Supply
The drainage is overflowing near our houses,Drainage
The water pipeline is not supplying water,Water Supply
The road has no working lights,Street Light
The street road is completely damaged,Road Damage
Vehicles are struggling because of damaged roads,Road Damage
Power supply has stopped in our street,Electricity
Several street lights are not working,Street Light
There is a problem with the power line,Electricity
Our locality has serious cleanliness problems,Sanitation
Dirty water is coming from the drain,Drainage
Public sanitation facilities are not maintained,Sanitation
There are deep potholes in our village road,Road Damage
There is a civic problem in our locality,Other
The road surface is broken near the bus stop,Road Damage
There is a large pothole on the main road,Road Damage
The garbage bin is overflowing,Garbage
Sanitation is poor in our locality,Sanitation
There are frequent power cuts in our area,Electricity
There is a large pothole on the main road,Road Damage
Water is not flowing through the drain,Drainage
The market area has poor hygiene,Sanitation
Residents are not receiving drinking water,Water Supply
There is a problem with the water pipeline,Water Supply
The market area has poor hygiene,Sanitation
There is an unresolved public issue,Other
The public place needs sanitation work,Sanitation
Drain water is entering the road,Drainage
Water supply has stopped for three days,Water Supply
The main drain is completely blocked,Drainage
The main drain is completely blocked,Drainage
There is no light on our street at night,Street Light
There is a problem with the water pipeline,Water Supply
A government facility needs maintenance,Other
Electricity is unavailable in the area,Electricity
There are frequent power cuts in our area,Electricity
Electricity is unavailable in the area,Electricity
Garbage collection is not happening,Garbage
The drainage is overflowing near our houses,Drainage
Our locality is facing frequent power interruptions,Electricity
The street light is not working,Street Light
Our area has no regular water supply,Water Supply
A large pothole is causing accidents,Road Damage
The street light needs repair,Street Light
The public area is not being cleaned,Sanitation
The street light needs repair,Street Light
A public facility needs attention,Other
The electrical connection is not working,Electricity
Waste has been dumped on the roadside,Garbage
Waste is accumulating on the street,Garbage
Household waste is not being collected,Garbage
The public toilet is not maintained,Sanitation
Several potholes are present on our street,Road Damage
Several street lights are not working,Street Light
The surroundings are unhygienic,Sanitation
Dirty water is coming from the drain,Drainage
Sewage is overflowing on the street,Drainage
The light near the bus stop is broken,Street Light
A public service needs attention,Other
Our street is completely dark at night,Street Light
Several street lights are not working,Street Light
Power supply has stopped in our street,Electricity
Our area has no regular water supply,Water Supply
The road near the school is badly damaged,Road Damage
The drainage pipe is damaged,Drainage
Several street lights are not working,Street Light
Power is going off frequently,Electricity
The village water connection is not working,Water Supply
The road has many cracks and potholes,Road Damage
A broken street light is causing safety problems,Street Light
The road surface is broken near the bus stop,Road Damage
Power is going off frequently,Electricity
Electricity supply is unstable,Electricity
Our area has no regular water supply,Water Supply
Sanitation is poor in our locality,Sanitation
Please inspect the public infrastructure,Other
There is stagnant water because of blocked drainage,Drainage
There is a problem with the water pipeline,Water Supply
Residents are facing a local public issue,Other
Residents are facing a local public issue,Other
The electrical connection is not working,Electricity
There is no drinking water in our area,Water Supply
The road has no working lights,Street Light
There is garbage near the school,Garbage
Household waste is not being collected,Garbage
Garbage has not been collected for several days,Garbage
The road surface is broken near the bus stop,Road Damage
Power supply has stopped in our street,Electricity
Water supply is unavailable in our locality,Water Supply
Please inspect the public infrastructure,Other
Power supply has stopped in our street,Electricity
Sanitation is poor in our locality,Sanitation
Residents are facing a local public issue,Other
Electricity supply is unstable,Electricity
Waste is accumulating on the street,Garbage
There is garbage near the school,Garbage
The electric pole has a problem,Electricity
Garbage collection is not happening,Garbage
There is a problem with the power line,Electricity
The street light is not working,Street Light
Sewage is overflowing on the street,Drainage
There is a civic problem in our locality,Other
The drainage system needs immediate repair,Drainage
There is a large pile of garbage near houses,Garbage
There is no drinking water in our area,Water Supply
Street lights are not switching on,Street Light
Drain water is entering the road,Drainage
Several street lights are not working,Street Light
The main road needs urgent repair,Road Damage
The street drain is blocked,Drainage
The road surface is broken near the bus stop,Road Damage
The street light is not working,Street Light
Several street lights are not working,Street Light
The public toilet is not maintained,Sanitation
Household waste is not being collected,Garbage
Our street is completely dark at night,Street Light
There is stagnant water because of blocked drainage,Drainage
There is garbage near the school,Garbage
Cleaning workers are not visiting regularly,Sanitation
Power is going off frequently,Electricity
Electricity supply is unstable,Electricity
Public sanitation facilities are not maintained,Sanitation
The road near the school is badly damaged,Road Damage
The drainage pipe is damaged,Drainage
There is a problem with the power line,Electricity
The main drain is completely blocked,Drainage
Residents need help with a civic issue,Other
There is stagnant water because of blocked drainage,Drainage
There is a problem with the power line,Electricity
There is very low water pressure,Water Supply
Please investigate this local problem,Other
Electricity supply is unstable,Electricity
There are deep potholes in our village road,Road Damage
There is a problem with the power line,Electricity
Our area needs immediate cleaning,Sanitation
Water supply has stopped for three days,Water Supply
Electricity is unavailable in the area,Electricity
The drainage system needs immediate repair,Drainage
The main road needs urgent repair,Road Damage
There are deep potholes in our village road,Road Damage
Sewage is overflowing on the street,Drainage
Residents are not receiving drinking water,Water Supply
The electrical connection is not working,Electricity
The street light is not working,Street Light
A government facility needs maintenance,Other
The village water connection is not working,Water Supply
The road surface is broken near the bus stop,Road Damage
Street lights are not switching on,Street Light
Residents are facing a local public issue,Other
Dirty water is coming from the drain,Drainage
Our area needs immediate cleaning,Sanitation
The public place needs sanitation work,Sanitation
Electricity supply is unstable,Electricity
Our village is facing a water shortage,Water Supply
Residents need help with a civic issue,Other
Public sanitation facilities are not maintained,Sanitation
There is an issue with the electricity supply,Electricity
Vehicles are struggling because of damaged roads,Road Damage
Residents are not receiving drinking water,Water Supply
Several street lights are not working,Street Light
The water pipeline is not supplying water,Water Supply
The public toilet is not maintained,Sanitation
There is an unresolved public issue,Other
The drainage pipe is damaged,Drainage
Residents are not receiving drinking water,Water Supply
The garbage area is creating a bad smell,Garbage
Our locality needs immediate attention,Other
Residents need help with a civic issue,Other
There is a large pile of garbage near houses,Garbage
There is a large pile of garbage near houses,Garbage
There is a civic problem in our locality,Other
The main drain is completely blocked,Drainage
A public facility needs attention,Other
The electrical connection is not working,Electricity
There is a large pothole on the main road,Road Damage
There is no drinking water in our area,Water Supply
The public area is not being cleaned,Sanitation
Water supply is unavailable in our locality,Water Supply
The street road is completely damaged,Road Damage
Waste is accumulating on the street,Garbage
There is garbage near the school,Garbage
Power is going off frequently,Electricity
The main road needs urgent repair,Road Damage
Water supply has stopped for three days,Water Supply
Power supply has stopped in our street,Electricity
Garbage collection is not happening,Garbage
There is a civic problem in our locality,Other
The electric pole has a problem,Electricity
The road has many cracks and potholes,Road Damage
Vehicles are struggling because of damaged roads,Road Damage
Our locality is facing frequent power interruptions,Electricity
Several street lights are not working,Street Light
Sanitation is poor in our locality,Sanitation
Please investigate this local problem,Other
Our area has no regular water supply,Water Supply
The street light is not working,Street Light
The water pipeline is not supplying water,Water Supply
Electricity supply is unstable,Electricity
Our area needs immediate cleaning,Sanitation
The road near the school is badly damaged,Road Damage
The village water connection is not working,Water Supply
There is no light on our street at night,Street Light
The street light is not working,Street Light
Garbage has not been collected for several days,Garbage
The main drain is completely blocked,Drainage
Our street is completely dark at night,Street Light
The surroundings are unhygienic,Sanitation
Electricity supply is unstable,Electricity
There is a problem with the water pipeline,Water Supply
The road has many cracks and potholes,Road Damage
There is a problem with the power line,Electricity
The electrical connection is not working,Electricity
The drainage is overflowing near our houses,Drainage
A large pothole is causing accidents,Road Damage
Waste is accumulating on the street,Garbage
The road near the school is badly damaged,Road Damage
Our locality has serious cleanliness problems,Sanitation
There are frequent power cuts in our area,Electricity
Residents are facing a local public issue,Other
There is an issue with the electricity supply,Electricity
Street lights are not switching on,Street Light
The light near the bus stop is broken,Street Light
Our area needs immediate cleaning,Sanitation
A public service needs attention,Other
Power is going off frequently,Electricity
There are deep potholes in our village road,Road Damage
The electrical connection is not working,Electricity
Electricity is unavailable in the area,Electricity
Public sanitation facilities are not maintained,Sanitation
Our locality is facing frequent power interruptions,Electricity
The road surface is broken near the bus stop,Road Damage
Several potholes are present on our street,Road Damage
Garbage collection is not happening,Garbage
The drainage is overflowing near our houses,Drainage
Residents are facing a local public issue,Other
There is very low water pressure,Water Supply
The street light needs repair,Street Light
The drainage is overflowing near our houses,Drainage
The surroundings are unhygienic,Sanitation
The road has many cracks and potholes,Road Damage
Residents are not receiving drinking water,Water Supply
The street light needs repair,Street Light
The public toilet is not maintained,Sanitation
The lamp post light has stopped working,Street Light
The drainage pipe is damaged,Drainage
There is no drinking water in our area,Water Supply
Our locality has serious cleanliness problems,Sanitation
There are deep potholes in our village road,Road Damage
There is a problem with the power line,Electricity
There is an unresolved public issue,Other
Our area has no regular water supply,Water Supply
Several potholes are present on our street,Road Damage
A public facility needs attention,Other
The water pipeline is not supplying water,Water Supply
Several potholes are present on our street,Road Damage
There is a problem with the power line,Electricity
Sewage is overflowing on the street,Drainage
Sewage is overflowing on the street,Drainage
The road near the school is badly damaged,Road Damage
Drain water is entering the road,Drainage
Household waste is not being collected,Garbage
There is a problem with the power line,Electricity
Water supply is unavailable in our locality,Water Supply
The road has no working lights,Street Light
The public place needs sanitation work,Sanitation
Our street is completely dark at night,Street Light
Electricity is unavailable in the area,Electricity
The street drain is blocked,Drainage
There is garbage near the school,Garbage
There is a large pile of garbage near houses,Garbage
A large pothole is causing accidents,Road Damage
Garbage collection is not happening,Garbage
The street light is not working,Street Light
Residents are facing a local public issue,Other
A large pothole is causing accidents,Road Damage
A public facility needs attention,Other
There is an unresolved public issue,Other
There is a large pothole on the main road,Road Damage
There is no light on our street at night,Street Light
The main road needs urgent repair,Road Damage
Our village is facing a water shortage,Water Supply
The road has many cracks and potholes,Road Damage
There is no light on our street at night,Street Light
The market area has poor hygiene,Sanitation
The drainage pipe is damaged,Drainage
A large pothole is causing accidents,Road Damage
The electrical connection is not working,Electricity
Power supply has stopped in our street,Electricity
Garbage has not been collected for several days,Garbage
The light near the bus stop is broken,Street Light
The surroundings are unhygienic,Sanitation
A broken street light is causing safety problems,Street Light
Street lights are not switching on,Street Light
Our locality needs immediate attention,Other
There is a problem with the water pipeline,Water Supply
Public sanitation facilities are not maintained,Sanitation
Electricity is unavailable in the area,Electricity
The main road needs urgent repair,Road Damage
The drainage is overflowing near our houses,Drainage
The road has no working lights,Street Light
The street road is completely damaged,Road Damage
There is garbage near the school,Garbage
Please inspect the public infrastructure,Other
There is very low water pressure,Water Supply
There is no light on our street at night,Street Light
Our locality needs immediate attention,Other
The road has no working lights,Street Light
A public facility needs attention,Other
Water supply has stopped for three days,Water Supply
There are frequent power cuts in our area,Electricity
The public area is not being cleaned,Sanitation
Sewage is overflowing on the street,Drainage
The electric pole has a problem,Electricity
Our area has no regular water supply,Water Supply
The street light needs repair,Street Light
Sewage is overflowing on the street,Drainage
Waste has been dumped on the roadside,Garbage
Waste is accumulating on the street,Garbage
The water pipeline is not supplying water,Water Supply
The road has many cracks and potholes,Road Damage
The light near the bus stop is broken,Street Light
The light near the bus stop is broken,Street Light
Our locality is facing frequent power interruptions,Electricity
The public area is not being cleaned,Sanitation
Water supply is unavailable in our locality,Water Supply
Garbage collection is not happening,Garbage
A public facility needs attention,Other
The public place needs sanitation work,Sanitation
The street drain is blocked,Drainage
There is garbage near the school,Garbage
There is an unresolved public issue,Other
The road has no working lights,Street Light
The electric pole has a problem,Electricity
Garbage collection is not happening,Garbage
The street road is completely damaged,Road Damage
The public place needs sanitation work,Sanitation
The main road needs urgent repair,Road Damage
The village water connection is not working,Water Supply
Electricity is unavailable in the area,Electricity
The drainage pipe is damaged,Drainage
Cleaning workers are not visiting regularly,Sanitation
The street light needs repair,Street Light
The drainage system needs immediate repair,Drainage
Public sanitation facilities are not maintained,Sanitation
A government facility needs maintenance,Other
The street road is completely damaged,Road Damage
There are frequent power cuts in our area,Electricity
The road has many cracks and potholes,Road Damage
There is no light on our street at night,Street Light
Residents need help with a civic issue,Other
There are frequent power cuts in our area,Electricity
The street light is not working,Street Light
The public place needs sanitation work,Sanitation
Water supply has stopped for three days,Water Supply
The road has no working lights,Street Light
There is stagnant water because of blocked drainage,Drainage
A government facility needs maintenance,Other
Electricity is unavailable in the area,Electricity
There is very low water pressure,Water Supply
There is garbage near the school,Garbage
There is a civic problem in our locality,Other
Residents need help with a civic issue,Other
Please inspect the public infrastructure,Other
Several potholes are present on our street,Road Damage
The street road is completely damaged,Road Damage
Power supply has stopped in our street,Electricity
Our locality is facing frequent power interruptions,Electricity
The market area has poor hygiene,Sanitation
Garbage collection is not happening,Garbage
There are frequent power cuts in our area,Electricity
Residents are not receiving drinking water,Water Supply
There is stagnant water because of blocked drainage,Drainage
Our locality has serious cleanliness problems,Sanitation
Household waste is not being collected,Garbage
There is a problem with the water pipeline,Water Supply
Power is going off frequently,Electricity
Please inspect the public infrastructure,Other
Dirty water is coming from the drain,Drainage
There is an unresolved public issue,Other
The street light needs repair,Street Light
There is garbage near the school,Garbage
The main road needs urgent repair,Road Damage
Sanitation is poor in our locality,Sanitation
There are deep potholes in our village road,Road Damage
Residents need help with a civic issue,Other
There is very low water pressure,Water Supply
Water is not flowing through the drain,Drainage
There is a large pile of garbage near houses,Garbage
Our village is facing a water shortage,Water Supply
Residents are not receiving drinking water,Water Supply
Residents need help with a civic issue,Other
The light near the bus stop is broken,Street Light
There are frequent power cuts in our area,Electricity
Our street is completely dark at night,Street Light
Waste has been dumped on the roadside,Garbage
Power supply has stopped in our street,Electricity
Water supply has stopped for three days,Water Supply
The garbage bin is overflowing,Garbage
The village water connection is not working,Water Supply
Several potholes are present on our street,Road Damage
A public service needs attention,Other
Water is not flowing through the drain,Drainage
Water is not flowing through the drain,Drainage
There is a problem with the water pipeline,Water Supply
Water supply has stopped for three days,Water Supply
The road near the school is badly damaged,Road Damage
Household waste is not being collected,Garbage
Our area has no regular water supply,Water Supply
A public facility needs attention,Other
Please investigate this local problem,Other
The lamp post light has stopped working,Street Light
There is an issue with the electricity supply,Electricity
There is an unresolved public issue,Other
There is no light on our street at night,Street Light
Power is going off frequently,Electricity
Household waste is not being collected,Garbage
Waste is accumulating on the street,Garbage
The electric pole has a problem,Electricity
There is no light on our street at night,Street Light
Street lights are not switching on,Street Light
A public facility needs attention,Other
The public toilet is not maintained,Sanitation
Sanitation is poor in our locality,Sanitation
Several potholes are present on our street,Road Damage
The main road needs urgent repair,Road Damage
A public service needs attention,Other
The light near the bus stop is broken,Street Light
Our village is facing a water shortage,Water Supply
The drainage is overflowing near our houses,Drainage
Waste is accumulating on the street,Garbage
Our area has no regular water supply,Water Supply
Drain water is entering the road,Drainage
The street light is not working,Street Light
Residents need help with a civic issue,Other
Our area has no regular water supply,Water Supply
The market area has poor hygiene,Sanitation
Our locality is facing frequent power interruptions,Electricity
The drainage pipe is damaged,Drainage
The garbage area is creating a bad smell,Garbage
The drainage system needs immediate repair,Drainage
There is stagnant water because of blocked drainage,Drainage
Garbage collection is not happening,Garbage
There is garbage near the school,Garbage
There is a civic problem in our locality,Other
Sanitation is poor in our locality,Sanitation
Garbage has not been collected for several days,Garbage
Our locality has serious cleanliness problems,Sanitation
Our village is facing a water shortage,Water Supply
Water is not flowing through the drain,Drainage
Our locality has serious cleanliness problems,Sanitation
The street light needs repair,Street Light
There is very low water pressure,Water Supply
The road has no working lights,Street Light
Drain water is entering the road,Drainage
The electric pole has a problem,Electricity
The public area is not being cleaned,Sanitation
The garbage bin is overflowing,Garbage
Our locality has serious cleanliness problems,Sanitation
The street road is completely damaged,Road Damage
The main drain is completely blocked,Drainage
Water is not flowing through the drain,Drainage
The market area has poor hygiene,Sanitation
A broken street light is causing safety problems,Street Light
The main drain is completely blocked,Drainage
Several potholes are present on our street,Road Damage
Several potholes are present on our street,Road Damage
Electricity is unavailable in the area,Electricity
There is a civic problem in our locality,Other
A broken street light is causing safety problems,Street Light
The road surface is broken near the bus stop,Road Damage
The road near the school is badly damaged,Road Damage
The market area has poor hygiene,Sanitation
Power is going off frequently,Electricity
The village water connection is not working,Water Supply
Waste has been dumped on the roadside,Garbage
There is a problem with the water pipeline,Water Supply
There is an issue with the electricity supply,Electricity
Waste is accumulating on the street,Garbage
The lamp post light has stopped working,Street Light
The public toilet is not maintained,Sanitation
Residents are not receiving drinking water,Water Supply
The garbage bin is overflowing,Garbage
A broken street light is causing safety problems,Street Light
The village water connection is not working,Water Supply
The electric pole has a problem,Electricity
A public service needs attention,Other
The street drain is blocked,Drainage
The public place needs sanitation work,Sanitation
Our locality has an overflowing garbage bin,Garbage
There are deep potholes in our village road,Road Damage
Dirty water is coming from the drain,Drainage
Household waste is not being collected,Garbage
The road near the school is badly damaged,Road Damage
The lamp post light has stopped working,Street Light
There is a civic problem in our locality,Other
Water supply has stopped for three days,Water Supply
The garbage area is creating a bad smell,Garbage
The garbage bin is overflowing,Garbage
The drainage system needs immediate repair,Drainage
The road near the school is badly damaged,Road Damage
Our area needs immediate cleaning,Sanitation
Street lights are not switching on,Street Light
There is a problem with the water pipeline,Water Supply
There is no light on our street at night,Street Light
There is stagnant water because of blocked drainage,Drainage
There is very low water pressure,Water Supply
Street lights are not switching on,Street Light
The surroundings are unhygienic,Sanitation
The public toilet is not maintained,Sanitation
Garbage has not been collected for several days,Garbage
Garbage collection is not happening,Garbage
A public facility needs attention,Other
The public area is not being cleaned,Sanitation
There is garbage near the school,Garbage
The road near the school is badly damaged,Road Damage
Household waste is not being collected,Garbage
The public place needs sanitation work,Sanitation
Residents are not receiving drinking water,Water Supply
Vehicles are struggling because of damaged roads,Road Damage
Waste has been dumped on the roadside,Garbage
The street drain is blocked,Drainage
Sanitation is poor in our locality,Sanitation
Residents need help with a civic issue,Other
The garbage area is creating a bad smell,Garbage
Power supply has stopped in our street,Electricity
Our locality needs immediate attention,Other
Cleaning workers are not visiting regularly,Sanitation
There is no drinking water in our area,Water Supply
Household waste is not being collected,Garbage
There is very low water pressure,Water Supply
There is no drinking water in our area,Water Supply
There is a civic problem in our locality,Other
Cleaning workers are not visiting regularly,Sanitation
Residents are facing a local public issue,Other
Residents are facing a local public issue,Other
Several street lights are not working,Street Light
The electric pole has a problem,Electricity
Our locality needs immediate attention,Other
The public toilet is not maintained,Sanitation
There are deep potholes in our village road,Road Damage
The drainage is overflowing near our houses,Drainage
There is a problem with the water pipeline,Water Supply
There is an issue with the electricity supply,Electricity
There is stagnant water because of blocked drainage,Drainage
The drainage pipe is damaged,Drainage
Power supply has stopped in our street,Electricity
Water supply is unavailable in our locality,Water Supply
The village water connection is not working,Water Supply
Our locality has serious cleanliness problems,Sanitation
Our locality has serious cleanliness problems,Sanitation
There is no drinking water in our area,Water Supply
The drainage is overflowing near our houses,Drainage
Electricity is unavailable in the area,Electricity
Our locality has an overflowing garbage bin,Garbage
Sewage is overflowing on the street,Drainage
The surroundings are unhygienic,Sanitation
There is a large pile of garbage near houses,Garbage
Power is going off frequently,Electricity
Water is not flowing through the drain,Drainage
The public area is not being cleaned,Sanitation
The road has no working lights,Street Light
A large pothole is causing accidents,Road Damage
The street drain is blocked,Drainage
The street road is completely damaged,Road Damage
Electricity supply is unstable,Electricity
Water is not flowing through the drain,Drainage
The public area is not being cleaned,Sanitation
The street drain is blocked,Drainage
The drainage pipe is damaged,Drainage
Our village is facing a water shortage,Water Supply
A government facility needs maintenance,Other
Our locality needs immediate attention,Other
Our locality is facing frequent power interruptions,Electricity
There is a large pothole on the main road,Road Damage
There is a problem with the power line,Electricity
Water supply is unavailable in our locality,Water Supply
There is an unresolved public issue,Other
There is stagnant water because of blocked drainage,Drainage
Please inspect the public infrastructure,Other
The water pipeline is not supplying water,Water Supply
The main drain is completely blocked,Drainage
Waste has been dumped on the roadside,Garbage
Please inspect the public infrastructure,Other
There is an unresolved public issue,Other
There is no light on our street at night,Street Light
Drain water is entering the road,Drainage
Electricity is unavailable in the area,Electricity
The road surface is broken near the bus stop,Road Damage
The surroundings are unhygienic,Sanitation
There is no drinking water in our area,Water Supply
The water pipeline is not supplying water,Water Supply
There is very low water pressure,Water Supply
There is a large pile of garbage near houses,Garbage
The surroundings are unhygienic,Sanitation
Our area needs immediate cleaning,Sanitation
The garbage bin is overflowing,Garbage
Power is going off frequently,Electricity
Several street lights are not working,Street Light
The drainage pipe is damaged,Drainage
Our area has no regular water supply,Water Supply
There are deep potholes in our village road,Road Damage
Water supply has stopped for three days,Water Supply
Cleaning workers are not visiting regularly,Sanitation
The road has no working lights,Street Light
Cleaning workers are not visiting regularly,Sanitation
Several street lights are not working,Street Light
Power supply has stopped in our street,Electricity
Please inspect the public infrastructure,Other
There is a large pile of garbage near houses,Garbage
There is no light on our street at night,Street Light
Residents need help with a civic issue,Other
Residents are facing a local public issue,Other
Electricity supply is unstable,Electricity
Our area has no regular water supply,Water Supply
Garbage has not been collected for several days,Garbage
There is a large pothole on the main road,Road Damage
The drainage system needs immediate repair,Drainage
The garbage area is creating a bad smell,Garbage
Garbage has not been collected for several days,Garbage
Water is not flowing through the drain,Drainage
The light near the bus stop is broken,Street Light
Please investigate this local problem,Other
A public service needs attention,Other
Waste has been dumped on the roadside,Garbage
Public sanitation facilities are not maintained,Sanitation
There is a problem with the power line,Electricity
Our locality is facing frequent power interruptions,Electricity
Garbage has not been collected for several days,Garbage
Public sanitation facilities are not maintained,Sanitation
Please inspect the public infrastructure,Other
The garbage area is creating a bad smell,Garbage
Our area needs immediate cleaning,Sanitation
There is a large pile of garbage near houses,Garbage
Sewage is overflowing on the street,Drainage
The electrical connection is not working,Electricity
The street road is completely damaged,Road Damage
Our locality is facing frequent power interruptions,Electricity
The road has no working lights,Street Light
A government facility needs maintenance,Other
Our locality has serious cleanliness problems,Sanitation
The lamp post light has stopped working,Street Light
The street light needs repair,Street Light
The market area has poor hygiene,Sanitation
Garbage collection is not happening,Garbage
The water pipeline is not supplying water,Water Supply
The lamp post light has stopped working,Street Light
Dirty water is coming from the drain,Drainage
The drainage pipe is damaged,Drainage
A public facility needs attention,Other
The road has no working lights,Street Light
Power supply has stopped in our street,Electricity
The village water connection is not working,Water Supply
Sanitation is poor in our locality,Sanitation
A government facility needs maintenance,Other
Household waste is not being collected,Garbage
Power supply has stopped in our street,Electricity
Sewage is overflowing on the street,Drainage
There is no light on our street at night,Street Light
Our locality has an overflowing garbage bin,Garbage
There is an issue with the electricity supply,Electricity
Waste is accumulating on the street,Garbage
Our locality has an overflowing garbage bin,Garbage
The street light is not working,Street Light
Public sanitation facilities are not maintained,Sanitation
Please inspect the public infrastructure,Other
Electricity is unavailable in the area,Electricity
The main drain is completely blocked,Drainage
Our village is facing a water shortage,Water Supply
There is an issue with the electricity supply,Electricity
Our locality is facing frequent power interruptions,Electricity
The road near the school is badly damaged,Road Damage
The garbage bin is overflowing,Garbage
Public sanitation facilities are not maintained,Sanitation
Street lights are not switching on,Street Light
The garbage area is creating a bad smell,Garbage
Sewage is overflowing on the street,Drainage
Several street lights are not working,Street Light
Waste is accumulating on the street,Garbage
The surroundings are unhygienic,Sanitation
Vehicles are struggling because of damaged roads,Road Damage
The surroundings are unhygienic,Sanitation
The garbage bin is overflowing,Garbage
The garbage area is creating a bad smell,Garbage
The water pipeline is not supplying water,Water Supply
The lamp post light has stopped working,Street Light
The road near the school is badly damaged,Road Damage
Residents are facing a local public issue,Other
There is very low water pressure,Water Supply
Garbage has not been collected for several days,Garbage
Waste is accumulating on the street,Garbage
The public place needs sanitation work,Sanitation
The water pipeline is not supplying water,Water Supply
There is very low water pressure,Water Supply
Drain water is entering the road,Drainage
There is a civic problem in our locality,Other
Household waste is not being collected,Garbage
The road has many cracks and potholes,Road Damage
The road has no working lights,Street Light
Please inspect the public infrastructure,Other
There is a problem with the water pipeline,Water Supply
Public sanitation facilities are not maintained,Sanitation
There are frequent power cuts in our area,Electricity
A government facility needs maintenance,Other
Waste has been dumped on the roadside,Garbage
The garbage bin is overflowing,Garbage
There are frequent power cuts in our area,Electricity
Our village is facing a water shortage,Water Supply
The road near the school is badly damaged,Road Damage
Waste has been dumped on the roadside,Garbage
Our village is facing a water shortage,Water Supply
Water supply has stopped for three days,Water Supply
Our area needs immediate cleaning,Sanitation
The public toilet is not maintained,Sanitation
The light near the bus stop is broken,Street Light
Our area needs immediate cleaning,Sanitation
Water is not flowing through the drain,Drainage
The market area has poor hygiene,Sanitation
The road has many cracks and potholes,Road Damage
The lamp post light has stopped working,Street Light
The surroundings are unhygienic,Sanitation
Street lights are not switching on,Street Light
Our locality needs immediate attention,Other
Garbage collection is not happening,Garbage
Power is going off frequently,Electricity
Garbage collection is not happening,Garbage
There is a large pile of garbage near houses,Garbage
Several potholes are present on our street,Road Damage
Residents are facing a local public issue,Other
A public service needs attention,Other
There is no drinking water in our area,Water Supply
The drainage system needs immediate repair,Drainage
The main drain is completely blocked,Drainage
Electricity is unavailable in the area,Electricity
Several potholes are present on our street,Road Damage
The drainage system needs immediate repair,Drainage
There is no drinking water in our area,Water Supply
The road has no working lights,Street Light
The surroundings are unhygienic,Sanitation
Our locality needs immediate attention,Other
The electrical connection is not working,Electricity
Water is not flowing through the drain,Drainage
Our locality has an overflowing garbage bin,Garbage
The street light needs repair,Street Light
The drainage system needs immediate repair,Drainage
The drainage is overflowing near our houses,Drainage
There are frequent power cuts in our area,Electricity
Water supply has stopped for three days,Water Supply
The village water connection is not working,Water Supply
Several street lights are not working,Street Light
The street road is completely damaged,Road Damage
There is a problem with the power line,Electricity
The garbage bin is overflowing,Garbage
There is a large pothole on the main road,Road Damage
The road surface is broken near the bus stop,Road Damage
A government facility needs maintenance,Other
The public toilet is not maintained,Sanitation
The electric pole has a problem,Electricity
The main road needs urgent repair,Road Damage
The road surface is broken near the bus stop,Road Damage
There is a civic problem in our locality,Other
There is stagnant water because of blocked drainage,Drainage
Sewage is overflowing on the street,Drainage
Our locality is facing frequent power interruptions,Electricity
Several street lights are not working,Street Light
Street lights are not switching on,Street Light
The water pipeline is not supplying water,Water Supply
Waste is accumulating on the street,Garbage
The street light needs repair,Street Light
Residents are not receiving drinking water,Water Supply
There is no light on our street at night,Street Light
Our area has no regular water supply,Water Supply
There is a problem with the water pipeline,Water Supply
There is no drinking water in our area,Water Supply
The drainage system needs immediate repair,Drainage
There are frequent power cuts in our area,Electricity
The road has many cracks and potholes,Road Damage
There is a civic problem in our locality,Other
There is a problem with the water pipeline,Water Supply
A large pothole is causing accidents,Road Damage
The road has many cracks and potholes,Road Damage
The lamp post light has stopped working,Street Light
Garbage has not been collected for several days,Garbage
The drainage system needs immediate repair,Drainage
Our locality is facing frequent power interruptions,Electricity
The lamp post light has stopped working,Street Light
There is a large pothole on the main road,Road Damage
A public service needs attention,Other
The market area has poor hygiene,Sanitation
Cleaning workers are not visiting regularly,Sanitation
There is no light on our street at night,Street Light
Garbage has not been collected for several days,Garbage
The street light needs repair,Street Light
The drainage system needs immediate repair,Drainage
Our locality has an overflowing garbage bin,Garbage
The public area is not being cleaned,Sanitation
Our area has no regular water supply,Water Supply
There is garbage near the school,Garbage
Water supply is unavailable in our locality,Water Supply
The public area is not being cleaned,Sanitation
Waste is accumulating on the street,Garbage
Cleaning workers are not visiting regularly,Sanitation
The public area is not being cleaned,Sanitation
Sewage is overflowing on the street,Drainage
There is an unresolved public issue,Other
Dirty water is coming from the drain,Drainage
There are deep potholes in our village road,Road Damage
The main road needs urgent repair,Road Damage
Water is not flowing through the drain,Drainage
The light near the bus stop is broken,Street Light
Our locality needs immediate attention,Other
There is a large pothole on the main road,Road Damage
Vehicles are struggling because of damaged roads,Road Damage
Electricity supply is unstable,Electricity
There is an issue with the electricity supply,Electricity
The public place needs sanitation work,Sanitation
Garbage has not been collected for several days,Garbage
Our street is completely dark at night,Street Light
The lamp post light has stopped working,Street Light
The street road is completely damaged,Road Damage
The garbage area is creating a bad smell,Garbage
The public toilet is not maintained,Sanitation
Water supply is unavailable in our locality,Water Supply
The public area is not being cleaned,Sanitation
The street light needs repair,Street Light
Cleaning workers are not visiting regularly,Sanitation
A public service needs attention,Other
The village water connection is not working,Water Supply
A public facility needs attention,Other
The drainage pipe is damaged,Drainage
Water is not flowing through the drain,Drainage
The main drain is completely blocked,Drainage
Our street is completely dark at night,Street Light
There is an unresolved public issue,Other
There are deep potholes in our village road,Road Damage
The light near the bus stop is broken,Street Light
Several potholes are present on our street,Road Damage
The street light is not working,Street Light
Please inspect the public infrastructure,Other
Water supply is unavailable in our locality,Water Supply
Water is not flowing through the drain,Drainage
The street road is completely damaged,Road Damage
The garbage area is creating a bad smell,Garbage
Water supply is unavailable in our locality,Water Supply
The surroundings are unhygienic,Sanitation
Street lights are not switching on,Street Light
Vehicles are struggling because of damaged roads,Road Damage
The street light is not working,Street Light
Vehicles are struggling because of damaged roads,Road Damage
Our village is facing a water shortage,Water Supply
There is an issue with the electricity supply,Electricity
There are deep potholes in our village road,Road Damage
Sewage is overflowing on the street,Drainage
The public area is not being cleaned,Sanitation
There is a civic problem in our locality,Other
Dirty water is coming from the drain,Drainage
There is an issue with the electricity supply,Electricity
Residents are facing a local public issue,Other
Drain water is entering the road,Drainage
The main drain is completely blocked,Drainage
The surroundings are unhygienic,Sanitation
The road surface is broken near the bus stop,Road Damage
There is a large pile of garbage near houses,Garbage
A public facility needs attention,Other
Public sanitation facilities are not maintained,Sanitation
The drainage system needs immediate repair,Drainage
There are frequent power cuts in our area,Electricity
The main drain is completely blocked,Drainage
The road surface is broken near the bus stop,Road Damage
Residents are not receiving drinking water,Water Supply
Garbage has not been collected for several days,Garbage
Public sanitation facilities are not maintained,Sanitation
There is no drinking water in our area,Water Supply
There is stagnant water because of blocked drainage,Drainage
A public service needs attention,Other
The lamp post light has stopped working,Street Light
Please inspect the public infrastructure,Other
The public toilet is not maintained,Sanitation
A broken street light is causing safety problems,Street Light
The road has no working lights,Street Light
The market area has poor hygiene,Sanitation
Our locality needs immediate attention,Other
The street drain is blocked,Drainage
Cleaning workers are not visiting regularly,Sanitation
Power supply has stopped in our street,Electricity
There is a problem with the water pipeline,Water Supply
Household waste is not being collected,Garbage
There is a large pothole on the main road,Road Damage
There is garbage near the school,Garbage
Water supply has stopped for three days,Water Supply
Vehicles are struggling because of damaged roads,Road Damage
A public facility needs attention,Other
The garbage area is creating a bad smell,Garbage
Power is going off frequently,Electricity
Residents are not receiving drinking water,Water Supply
Drain water is entering the road,Drainage
Cleaning workers are not visiting regularly,Sanitation
The market area has poor hygiene,Sanitation
Water supply has stopped for three days,Water Supply
Water supply is unavailable in our locality,Water Supply
The electrical connection is not working,Electricity
Electricity supply is unstable,Electricity
Our area needs immediate cleaning,Sanitation
The main road needs urgent repair,Road Damage
The road near the school is badly damaged,Road Damage
The electrical connection is not working,Electricity
Dirty water is coming from the drain,Drainage
Our street is completely dark at night,Street Light
Please investigate this local problem,Other
Public sanitation facilities are not maintained,Sanitation
Please investigate this local problem,Other
There is an issue with the electricity supply,Electricity
Public sanitation facilities are not maintained,Sanitation
Our locality is facing frequent power interruptions,Electricity
The drainage is overflowing near our houses,Drainage
There are deep potholes in our village road,Road Damage
Our area needs immediate cleaning,Sanitation
Power is going off frequently,Electricity
A public service needs attention,Other
The street drain is blocked,Drainage
The public place needs sanitation work,Sanitation
Our village is facing a water shortage,Water Supply
Our locality needs immediate attention,Other
A large pothole is causing accidents,Road Damage
The drainage is overflowing near our houses,Drainage
Dirty water is coming from the drain,Drainage
The market area has poor hygiene,Sanitation
The water pipeline is not supplying water,Water Supply
Water supply is unavailable in our locality,Water Supply
The road has many cracks and potholes,Road Damage
There is an issue with the electricity supply,Electricity
The electric pole has a problem,Electricity
Waste is accumulating on the street,Garbage
A broken street light is causing safety problems,Street Light
The garbage area is creating a bad smell,Garbage
Vehicles are struggling because of damaged roads,Road Damage
The main road needs urgent repair,Road Damage
Our street is completely dark at night,Street Light
Our street is completely dark at night,Street Light
A public service needs attention,Other
The road surface is broken near the bus stop,Road Damage
A broken street light is causing safety problems,Street Light
There is an issue with the electricity supply,Electricity
The street drain is blocked,Drainage
Waste has been dumped on the roadside,Garbage
Our locality has serious cleanliness problems,Sanitation
Garbage collection is not happening,Garbage
Our locality has an overflowing garbage bin,Garbage
Our street is completely dark at night,Street Light
The main road needs urgent repair,Road Damage
A government facility needs maintenance,Other
Our village is facing a water shortage,Water Supply
The garbage area is creating a bad smell,Garbage
Our locality is facing frequent power interruptions,Electricity
Cleaning workers are not visiting regularly,Sanitation
Power supply has stopped in our street,Electricity
Water supply is unavailable in our locality,Water Supply
Drain water is entering the road,Drainage
The main drain is completely blocked,Drainage
Water is not flowing through the drain,Drainage
The public area is not being cleaned,Sanitation
Our area needs immediate cleaning,Sanitation
Please inspect the public infrastructure,Other
Our locality needs immediate attention,Other
There is an unresolved public issue,Other
Residents are not receiving drinking water,Water Supply
There is stagnant water because of blocked drainage,Drainage
The lamp post light has stopped working,Street Light
A government facility needs maintenance,Other
Water supply is unavailable in our locality,Water Supply
The drainage pipe is damaged,Drainage
The public place needs sanitation work,Sanitation
The lamp post light has stopped working,Street Light
Vehicles are struggling because of damaged roads,Road Damage
A large pothole is causing accidents,Road Damage
The street drain is blocked,Drainage
The street road is completely damaged,Road Damage
A large pothole is causing accidents,Road Damage
There is a large pothole on the main road,Road Damage
Residents need help with a civic issue,Other
The street drain is blocked,Drainage
Several potholes are present on our street,Road Damage
Street lights are not switching on,Street Light
The street road is completely damaged,Road Damage
The drainage is overflowing near our houses,Drainage
There is stagnant water because of blocked drainage,Drainage
Water supply is unavailable in our locality,Water Supply
Sanitation is poor in our locality,Sanitation
Power is going off frequently,Electricity
There are frequent power cuts in our area,Electricity
A government facility needs maintenance,Other
The light near the bus stop is broken,Street Light
The garbage area is creating a bad smell,Garbage
Waste has been dumped on the roadside,Garbage
The electrical connection is not working,Electricity
Our locality needs immediate attention,Other
The garbage bin is overflowing,Garbage
The surroundings are unhygienic,Sanitation
The village water connection is not working,Water Supply
The village water connection is not working,Water Supply
A large pothole is causing accidents,Road Damage
The market area has poor hygiene,Sanitation
Water supply has stopped for three days,Water Supply
A public service needs attention,Other
Drain water is entering the road,Drainage
The road has many cracks and potholes,Road Damage
Drain water is entering the road,Drainage
There is no light on our street at night,Street Light
A broken street light is causing safety problems,Street Light
There is very low water pressure,Water Supply
Several potholes are present on our street,Road Damage
The market area has poor hygiene,Sanitation
Our street is completely dark at night,Street Light
There is a large pothole on the main road,Road Damage
The garbage bin is overflowing,Garbage
Electricity supply is unstable,Electricity
A government facility needs maintenance,Other
Residents need help with a civic issue,Other
A public facility needs attention,Other
The street light is not working,Street Light
Residents are not receiving drinking water,Water Supply
Our locality has serious cleanliness problems,Sanitation
Garbage collection is not happening,Garbage
The public place needs sanitation work,Sanitation
The drainage pipe is damaged,Drainage
There is a large pothole on the main road,Road Damage
Sanitation is poor in our locality,Sanitation
There is a large pile of garbage near houses,Garbage
Power is going off frequently,Electricity
The street light is not working,Street Light
Please investigate this local problem,Other
Residents need help with a civic issue,Other
There is an unresolved public issue,Other
There is very low water pressure,Water Supply
The road near the school is badly damaged,Road Damage
Sewage is overflowing on the street,Drainage
Residents are facing a local public issue,Other
Our area needs immediate cleaning,Sanitation
There is a problem with the power line,Electricity
There is a problem with the power line,Electricity
The street road is completely damaged,Road Damage
Please investigate this local problem,Other
There is a large pile of garbage near houses,Garbage
Garbage has not been collected for several days,Garbage
Residents are not receiving drinking water,Water Supply
The main road needs urgent repair,Road Damage
Our village is facing a water shortage,Water Supply
Cleaning workers are not visiting regularly,Sanitation
Our locality has serious cleanliness problems,Sanitation
There is a problem with the water pipeline,Water Supply
There is an unresolved public issue,Other
A broken street light is causing safety problems,Street Light
The electric pole has a problem,Electricity
There is an issue with the electricity supply,Electricity
The drainage pipe is damaged,Drainage
A government facility needs maintenance,Other
There is stagnant water because of blocked drainage,Drainage
Please investigate this local problem,Other
Dirty water is coming from the drain,Drainage
Our area has no regular water supply,Water Supply
The public toilet is not maintained,Sanitation
The electric pole has a problem,Electricity
The public place needs sanitation work,Sanitation
Our locality has an overflowing garbage bin,Garbage
The light near the bus stop is broken,Street Light
Waste has been dumped on the roadside,Garbage
A large pothole is causing accidents,Road Damage
Dirty water is coming from the drain,Drainage
The electric pole has a problem,Electricity
Several street lights are not working,Street Light
Please investigate this local problem,Other
The street drain is blocked,Drainage
The road has many cracks and potholes,Road Damage
Our street is completely dark at night,Street Light
Our locality has an overflowing garbage bin,Garbage
Dirty water is coming from the drain,Drainage
Electricity supply is unstable,Electricity
Our area needs immediate cleaning,Sanitation
The garbage bin is overflowing,Garbage
Please investigate this local problem,Other
Residents are facing a local public issue,Other
Waste is accumulating on the street,Garbage
A large pothole is causing accidents,Road Damage
Dirty water is coming from the drain,Drainage
Waste has been dumped on the roadside,Garbage
The street light needs repair,Street Light
There are frequent power cuts in our area,Electricity
The garbage bin is overflowing,Garbage
A broken street light is causing safety problems,Street Light
Sanitation is poor in our locality,Sanitation
Residents need help with a civic issue,Other
A public service needs attention,Other
The water pipeline is not supplying water,Water Supply
Please investigate this local problem,Other
There is no drinking water in our area,Water Supply
The main drain is completely blocked,Drainage
The street drain is blocked,Drainage
The main road needs urgent repair,Road Damage
A large pothole is causing accidents,Road Damage
Household waste is not being collected,Garbage
A broken street light is causing safety problems,Street Light
The street light is not working,Street Light
There is an unresolved public issue,Other
There is no drinking water in our area,Water Supply
Electricity supply is unstable,Electricity
The village water connection is not working,Water Supply
A government facility needs maintenance,Other
The public toilet is not maintained,Sanitation
There are deep potholes in our village road,Road Damage
Dirty water is coming from the drain,Drainage
Street lights are not switching on,Street Light
A broken street light is causing safety problems,Street Light
The water pipeline is not supplying water,Water Supply
Electricity supply is unstable,Electricity
Our village is facing a water shortage,Water Supply
Please investigate this local problem,Other
The lamp post light has stopped working,Street Light
Our locality has an overflowing garbage bin,Garbage
There is a large pile of garbage near houses,Garbage
Residents need help with a civic issue,Other
Street lights are not switching on,Street Light
The electrical connection is not working,Electricity
There is a large pile of garbage near houses,Garbage
There is a large pothole on the main road,Road Damage
The drainage system needs immediate repair,Drainage
Sanitation is poor in our locality,Sanitation
The drainage is overflowing near our houses,Drainage
The electrical connection is not working,Electricity
Please investigate this local problem,Other
The garbage area is creating a bad smell,Garbage
Please inspect the public infrastructure,Other
The road surface is broken near the bus stop,Road Damage
The public place needs sanitation work,Sanitation
The street drain is blocked,Drainage
Our locality has an overflowing garbage bin,Garbage
Our village is facing a water shortage,Water Supply
Vehicles are struggling because of damaged roads,Road Damage
Vehicles are struggling because of damaged roads,Road Damage
The electrical connection is not working,Electricity
Water supply has stopped for three days,Water Supply
Our locality needs immediate attention,Other
The water pipeline is not supplying water,Water Supply
Our area has no regular water supply,Water Supply
The drainage is overflowing near our houses,Drainage
There is stagnant water because of blocked drainage,Drainage
The drainage system needs immediate repair,Drainage
The road surface is broken near the bus stop,Road Damage
There is very low water pressure,Water Supply
